BrandSizeCatID, BrandID, CategoryID, Fit, SizeUS, NumericSize, NatWaist, Hip, Inseam, Bust,Arm Length,Torso
1,1,1,regular,XXXS,000,23,33,32,,,
2,1,1,regular,XXS,00,24,34,32,,,
3,1,1,regular,XS,0,25,35,32,,,
4,1,1,regular,XS,2,26,36,32,,,
5,1,1,regular,S,4,27,37,32,,,
6,1,1,regular,S,6,28,38,32,,,
7,1,1,regular,M,8,29,39,32,,,
8,1,1,regular,M,10,30,40,32,,,
9,1,1,regular,L,12,31.5,41.5,32,,,
10,1,1,regular,L,14,33,43,32,,,
11,1,1,regular,XL,16,34.5,44.5,32,,,
12,1,1,petite,,00,23,33,30,,,
13,1,1,petite,,0,24,34,30,,,
14,1,1,petite,,2,25,35,30,,,
15,1,1,petite,,4,26,36,30,,,
16,1,1,petite,,6,27,37,30,,,
17,1,1,petite,,8,28,38,30,,,
18,1,1,petite,,10,29,39,30,,,
19,1,1,petite,,12,30.5,40.5,30,,,
20,1,1,tall,XXS,00,24,34,35,,,
21,1,1,tall,XS,0,25,35,35,,,
22,1,1,tall,XS,2,26,36,35,,,
23,1,1,tall,S,4,27,37,35,,,
24,1,1,tall,S,6,28,38,35,,,
25,1,1,tall,M,8,29,39,35,,,
26,1,1,tall,M,10,30,40,35,,,
27,1,1,tall,L,12,31.5,41.5,35,,,
28,1,1,tall,L,14,33,43,35,,,
29,1,1,tall,XL,16,34.5,44.5,35,,,
30,1,1,short,XS,0,25,35,30,,,
31,1,1,short,XS,2,26,36,30,,,
32,1,1,short,S,4,27,37,30,,,
33,1,1,short,S,6,28,38,30,,,
34,1,1,short,M,8,29,39,30,,,
35,1,1,short,M,10,30,40,30,,,
36,1,1,short,L,12,31.5,41.5,30,,,
37,1,1,short,L,14,33,43,30,,,
38,1,1,short,XL,16,34,44.5,30,,,
39,1,6,regular,23,000,23,,32,,,
40,1,6,regular,24,00,24,,32,,,
41,1,6,regular,25,0,25,,32,,,
42,1,6,regular,26,2,26,,32,,,
43,1,6,regular,27,4,27,,32,,,
44,1,6,regular,28,6,28,,32,,,
45,1,6,regular,29,8,29,,32,,,
46,1,6,regular,30,10,30,,32,,,
47,1,6,regular,31,12,31.5,,32,,,
48,1,6,regular,32,14,33,,32,,,
49,1,6,regular,33,16,34.5,,32,,,
50,1,2,regular,XXXS,000,23,,,30.5,,
51,1,2,regular,XXS,00,24,,,31.5,,
52,1,2,regular,XS,0,25,,,32.5,,
53,1,2,regular,XS,2,26,,,33.5,,
54,1,2,regular,S,4,27,,,34.5,,
55,1,2,regular,S,6,28,,,35.5,,
56,1,2,regular,M,8,29,,,36.5,,
57,1,2,regular,M,10,30,,,37.5,,
58,1,2,regular,L,12,31.5,,,38,,
59,1,2,regular,L,14,33,,,40.5,,
60,1,2,regular,XL,16,34.5,,,42,,
61,1,2,regular,XXL,18,36,,,43.5,,
62,1,2,petite,XXS,00,23,,,30.5,,
63,1,2,petite,XS,0,24,,,31.5,,
64,1,2,petite,XS,2,25,,,32.5,,
65,1,2,petite,S,4,26,,,33.5,,
66,1,2,petite,S,6,27,,,34.5,,
67,1,2,petite,M,8,28,,,35.5,,
68,1,2,petite,M,10,29,,,36.5,,
69,1,2,petite,L,12,30.5,,,38,,
70,1,2,tall,XXS,00,24,,,31.5,,
71,1,2,tall,XS,0,25,,,32.5,,
72,1,2,tall,XS,2,26,,,33.5,,
73,1,2,tall,S,4,27,,,34.5,,
74,1,2,tall,S,6,28,,,35.5,,
75,1,2,tall,M,8,29,,,36.5,,
76,1,2,tall,M,10,30,,,37.5,,
77,1,2,tall,L,12,31.5,,,39,,
78,1,2,tall,L,14,33,,,40.5,,
79,1,2,tall,XL,16,34.5,,,42,,
80,1,2,tall,XXL,18,36,,,43.5,,
81,1,3,regular,XXXS,000,23,33,,30,,
82,1,3,regular,XXS,00,24,34,,31.5,,
83,1,3,regular,XS,0,25,35,,32.5,,
84,1,3,regular,XS,2,26,36,,33.5,,
85,1,3,regular,S,4,27,37,,34.5,,
86,1,3,regular,S,6,28,38,,35.5,,
87,1,3,regular,M,8,29,39,,36.5,,
88,1,3,regular,M,10,30,40,,37.5,,
89,1,3,regular,L,12,31.5,41.5,,38,,
90,1,3,regular,L,14,33,43,,40.5,,
91,1,3,regular,XL,16,34.5,44.5,,42,,
92,1,3,regular,XL,18,36,46.5,,44,,
93,1,3,regular,XXL,20,37.5,48.5,,46,,
94,1,3,petite,XXS,00,23,33.25,,30.5,,
95,1,3,petite,XS,0,24,34,,31.5,,
96,1,3,petite,XS,2,25,35,,32.5,,
97,1,3,petite,S,4,26,36,,33.5,,
98,1,3,petite,S,6,27,37,,34.5,,
99,1,3,petite,M,8,28,38,,35.5,,
100,1,3,petite,M,10,29,39,,36.5,,
101,1,3,petite,L,12,30.5,40.5,,38,,
102,1,3,petite,L,14,32,42,,39.5,,
103,1,3,tall,XXS,00,24,34,,31.5,,
104,1,3,tall,XS,0,25,35,,32.5,,
105,1,3,tall,XS,2,26,36,,33.5,,
106,1,3,tall,S,4,27,37,,34.5,,
107,1,3,tall,S,6,28,38,,35.5,,
108,1,3,tall,M,8,29,39,,36.5,,
109,1,3,tall,M,10,30,40,,37.5,,
110,1,3,tall,L,12,31.5,41.5,,39,,
111,1,3,tall,L,14,33,43,,40.5,,
112,1,3,tall,XL,16,34.5,44.5,,42,,
113,1,3,tall,XL,18,36,46.5,,44,,
114,1,3,tall,XXL,20,37.5,48.5,,46,,
115,1,4,regular,XXXS,000,23,33,,30.5,29.75,
116,1,4,regular,XXS,00,24,34,,31.5,30,
117,1,4,regular,XS,0,25,35,,32.5,30.5,
118,1,4,regular,XS,2,26,36,,33.5,31,
119,1,4,regular,S,4,27,37,,34.5,31,
120,1,4,regular,S,6,28,38,,35.5,31.5,
121,1,4,regular,M,8,29,39,,36.5,32,
122,1,4,regular,M,10,30,40,,37.5,32,
123,1,4,regular,L,12,31.5,41.5,,39,32.5,
124,1,4,regular,L,14,33,43,,40.5,33,
125,1,4,regular,XL,16,34.5,44.5,,42,33.5,
126,1,4,petite,XXS,00,23,33.25,,30.5,27.75,
127,1,4,petite,XS,0,24,34,,31.5,28.25,
128,1,4,petite,XS,2,25,35,,32.5,28.75,
129,1,4,petite,S,4,26,36,,33.5,29,
130,1,4,petite,S,6,27,37,,34.5,29.25,
131,1,4,petite,M,8,28,38,,35.5,29.75,
132,1,4,petite,M,10,29,39,,36.5,30,
133,1,4,petite,L,12,30.5,40.5,,38,30.5,
134,1,4,tall,XXS,00,24,34,,31.5,31.5,
135,1,4,tall,XS,0,25,35,,32.5,31.75,
136,1,4,tall,XS,2,26,36,,33.5,32.25,
137,1,4,tall,S,4,27,37,,34.5,32.5,
138,1,4,tall,S,6,28,38,,35.5,33,
139,1,4,tall,M,8,29,39,,36.5,33.25,
140,1,4,tall,M,10,30,40,,37.5,33.75,
141,1,4,tall,L,12,31.5,41.5,,39,34,
142,1,4,tall,L,14,33,43,,40.5,34.5,
143,1,4,tall,XL,16,34.5,44.5,,42,34.75,
144,1,5,regular,XXS,00,24,34,,31.5,,55.5
145,1,5,regular,XS,0,25,35,,32.5,,56.5
146,1,5,regular,XS,2,26,36,,33.5,,58.5
147,1,5,regular,S,4,27,37,,34.5,,59.5
148,1,5,regular,S,6,28,38,,35.5,,61
149,1,5,regular,M,8,29,39,,36.5,,62.5
150,1,5,regular,M,10,30,40,,37.5,,64
151,1,5,regular,L,12,31.5,41.5,,39,,65.5
152,1,5,regular,L,14,33,43,,40.5,,67
153,1,5,regular,XL,16,34.5,44.5,,42,,68.5
154,2,2,regular,XXS,,22,,,29,,
155,2,2,regular,XXS,,23,,,30,,
156,2,2,regular,XS,00,24,,,31,,
157,2,2,regular,XS,0,25,,,32,,
158,2,2,regular,S,2,26,,,33,,
159,2,2,regular,S,4,27,,,34,,
160,2,2,regular,M,6,28,,,35,,
161,2,2,regular,M,8,29,,,36,,
162,2,2,regular,L,10,30,,,37,,
163,2,2,regular,L,12,31.5,,,38.5,,
164,2,2,regular,XL,14,33,,,40,,
165,2,2,regular,XL,14,34.5,,,41.5,,
166,2,6,regular,24,00,24,34,,,,
167,2,6,regular,25,0,25,35,,,,
168,2,6,regular,26,2,26,36,,,,
169,2,6,regular,27,4,27,37,,,,
170,2,6,regular,28,6,28,38,,,,
171,2,6,regular,29,8,29,39,,,,
172,2,6,regular,30,10,30,40,,,,
173,2,6,regular,31,12,31,41,,,,
174,2,6,regular,32,14,32,42,,,,
175,2,1,regular,XS,00,24,34,29,,,
176,2,1,regular,XS,0,25,35,29,,,
177,2,1,regular,S,2,26,36,29,,,
178,2,1,regular,S,4,27,37,29,,,
179,2,1,regular,M,6,28,38,29,,,
180,2,1,regular,M,8,29,39,29,,,
181,2,1,regular,L,10,30,40,29,,,
182,2,1,regular,L,12,31.5,41.5,29,,,
183,2,1,regular,XL,14,33,43,29,,,
184,2,3,regular,XXS,,23,33,,30,,
185,2,3,regular,XS,00,24,34,,31,,
186,2,3,regular,XS,0,25,35,,32,,
187,2,3,regular,S,2,26,36,,33,,
188,2,3,regular,S,4,27,37,,34,,
189,2,3,regular,M,6,28,38,,35,,
190,2,3,regular,M,8,29,39,,36,,
191,2,3,regular,L,10,30,40,,37,,
192,2,3,regular,L,12,31.5,41.5,,38.5,,
193,2,3,regular,XL,14,33,43,,40,,
194,2,5,regular,XXS,,23,33,,30,,56
195,2,5,regular,XS,00,24,34,,31,,56.5
196,2,5,regular,XS,0,25,35,,32,,58.5
197,2,5,regular,S,2,26,36,,33,,59.5
198,2,5,regular,S,4,27,37,,34,,61
199,2,5,regular,M,6,28,38,,35,,62.5
200,2,5,regular,M,8,29,39,,36,,64
201,2,5,regular,L,10,30,40,,37,,65.5
202,2,5,regular,L,12,31.5,41.5,,38.5,,67
203,2,5,regular,XL,14,33,43,,40,,68.5
204,3,2,regular,XXS,00,23.5,,,31,29.75,
205,3,2,regular,XS,0,24.5,,,32,30,
206,3,2,regular,XS,2,25.5,,,33,30.25,
207,3,2,regular,S,4,26.5,,,34,30.5,
208,3,2,regular,S,6,27.5,,,35,30.75,
209,3,2,regular,M,8,28.5,,,36,31,
210,3,2,regular,M,10,29.5,,,37,31.25,
211,3,2,regular,L,12,31,,,38.5,31.6,
212,3,2,regular,L,14,32.5,,,40,32,
213,3,2,regular,XL,16,34,,,43.5,32.299999999999997,
214,3,2,regular,XXL,18,34,,,45.5,32.75,
215,3,2,regular,XXSP,00P,23,,,30,28.5,
216,3,2,petite,XSP,0P,24.5,,,31,28.75,
217,3,2,petite,XSP,2P,25,,,32,29,
218,3,2,petite,SP,4P,26.5,,,33,29.25,
219,3,2,petite,SP,6P,27,,,34,29.5,
220,3,2,petite,MP,8P,28,,,35,29.75,
221,3,2,petite,MP,10P,29,,,36,30,
222,3,2,petite,LP,12P,30.5,,,37.5,30.4,
223,3,2,petite,LP,14P,32,,,39,30.75,
224,3,2,petite,XLP,16P,33.5,,,40.5,31.2,
225,3,2,petite,XST,0T,24.5,,,32,31.25,
226,3,2,tall,XST,2T,25.5,,,33,31.5,
227,3,2,tall,ST,4T,26.5,,,34,31.75,
228,3,2,tall,ST,6T,27.5,,,35,32,
229,3,2,tall,MT,8T,28.5,,,36,32.25,
230,3,2,tall,MT,10T,29.5,,,37,32.5,
231,3,2,tall,LT,12T,31,,,38.5,32.9,
232,3,2,tall,LT,14T,32.5,,,40,33.25,
233,3,2,tall,XLT,16T,34,,,41.5,33.6,
234,3,2,tall,XLT,18T,36,,,43.5,34,
235,3,1,regular,XXS,00,23.5,33.5,29,,,
236,3,1,regular,XS,0,24.5,34.5,29,,,
237,3,1,regular,XS,2,25.5,35.5,29,,,
238,3,1,regular,S,4,26.5,36.5,29,,,
239,3,1,regular,S,6,27.5,37.5,29,,,
240,3,1,regular,M,8,28.5,38.5,29,,,
241,3,1,regular,M,10,29.5,39.5,29,,,
242,3,1,regular,L,12,31,41,29,,,
243,3,1,regular,L,14,32.5,42.5,29,,,
244,3,1,regular,XL,16,34,44,29,,,
245,3,1,regular,XXL,18,36,46,29,,,
246,3,1,regular,XXSP,00P,23,32.5,29,,,
247,3,1,petite,XSP,0P,24,33.5,27,,,
248,3,1,petite,XSP,2P,25,34.5,27,,,
249,3,1,petite,SP,4P,26,35.5,27,,,
250,3,1,petite,SP,6P,27,36.5,27,,,
251,3,1,petite,MP,8P,28,37.5,27,,,
252,3,1,petite,MP,10P,29,38.5,27,,,
253,3,1,petite,LP,12P,30.5,40,27,,,
254,3,1,petite,LP,14P,32,41.5,27,,,
255,3,1,petite,XLP,16P,33.5,43,27,,,
256,3,1,petite,XST,0T,24.5,34.5,27,,,
257,3,1,tall,XST,2T,25.5,35.5,31,,,
258,3,1,tall,ST,4T,26.5,36.5,31,,,
259,3,1,tall,ST,6T,27.5,37.5,31,,,
260,3,1,tall,MT,8T,28.5,38.5,31,,,
261,3,1,tall,MT,10T,29.5,39.5,31,,,
262,3,1,tall,LT,12T,31,41,31,,,
263,3,1,tall,LT,14T,32.5,42.5,31,,,
264,3,1,tall,XLT,16T,34,44,31,,,
265,3,1,tall,XLT,18T,36,46,31,,,
266,3,3,regular,XXS,00,23.5,33.5,,31,29.75,
267,3,3,regular,XS,0,24.5,34.5,,32,30,
268,3,3,regular,XS,2,25.5,35.5,,33,30.25,
269,3,3,regular,S,4,26.5,36.5,,34,30.5,
270,3,3,regular,S,6,27.5,37.5,,35,30.75,
271,3,3,regular,M,8,28.5,38.5,,36,31,
272,3,3,regular,M,10,29.5,39.5,,37,31.25,
273,3,3,regular,L,12,31,41,,38.5,31.6,
274,3,3,regular,L,14,32.5,42.5,,40,32,
275,3,3,regular,XL,16,34,44,,41.5,32.299999999999997,
276,3,3,regular,XXL,18,36,46,,43.5,32.75,
277,3,3,regular,XXSP,00P,23,32.5,,30,28.5,
278,3,3,petite,XSP,0P,24,33.5,,31,28.75,
279,3,3,petite,XSP,2P,25,34.5,,32,29,
280,3,3,petite,SP,4P,26,35.5,,33,29.25,
281,3,3,petite,SP,6P,27,36.5,,34,29.5,
282,3,3,petite,MP,8P,28,37.5,,35,29.75,
283,3,3,petite,MP,10P,29,38.5,,36,30,
284,3,3,petite,LP,12P,30.5,40,,37.5,30.4,
285,3,3,petite,LP,14P,32,41.5,,39,30.75,
286,3,3,petite,XLP,16P,33.5,43,,40.5,31.2,
287,3,3,petite,XST,0T,24.5,34.5,,32,31.25,
288,3,3,tall,XST,2T,25.5,35.5,,33,31.5,
289,3,3,tall,ST,4T,26.5,36.5,,34,31.75,
290,3,3,tall,ST,6T,27.5,37.5,,35,32,
291,3,3,tall,MT,8T,28.5,38.5,,36,32.25,
292,3,3,tall,MT,10T,29.5,39.5,,37,32.5,
293,3,3,tall,LT,12T,31,41,,38.5,32.9,
294,3,3,tall,LT,14T,32.5,42.5,,40,33.25,
295,3,3,tall,XLT,16T,34,44,,41.5,33.6,
296,3,3,tall,XLT,18T,36,46,,43.5,34,
297,3,5,tall,XS,4,27,37,,34.5,,60
298,3,5,regular,XS,6,27.5,37.5,,35,,60.75
299,3,5,regular,S,6,28,38,,35.5,,61.25
300,3,5,regular,S,8,28.5,38.5,,36,,62
301,3,5,regular,M,8,29,39,,36.5,,62.5
302,3,5,regular,M,10,30,40,,37.5,,63.25
303,3,5,regular,L,12,31.5,41.5,,39,,65.25
304,3,5,regular,L,14,33,43,,40.5,,67.25
305,3,5,regular,XL,16,34.5,44.5,,42,,69.25
306,4,1,regular,,2,25.2,35.4,,,,
307,4,1,regular,,4,26,37,,,,
308,4,1,regular,,6,27.5,38.5,,,,
309,4,1,regular,,8,29.1,40.15,,,,
310,4,1,regular,,10,30.7,41.7,,,,
311,4,1,regular,,12,32.299999999999997,43.3,,,,
312,4,1,regular,,14,33.85,44.9,,,,
313,4,1,regular,XXS,,22.8,33.799999999999997,,,,
314,4,1,regular,XS,,24.4,35.4,,,,
315,4,1,regular,S,,26,37,,,,
316,4,1,regular,M,,27.5,38.6,,,,
317,4,1,regular,L,,30,41,,,,
318,4,1,regular,XL,,32.299999999999997,43.3,,,,
319,4,2,regular,,2,25.2,,,32.299999999999997,,
320,4,2,regular,,4,26,,,33.85,,
321,4,2,regular,,6,27.5,,,35.4,,
322,4,2,regular,,8,29.1,,,37,,
323,4,2,regular,,10,30.7,,,38.6,,
324,4,2,regular,,12,32.299999999999997,,,40.15,,
325,4,2,regular,,14,33.85,,,41.73,,
326,4,2,regular,XXS,,22.8,,,31.5,,
327,4,2,regular,XS,,24.4,,,32.299999999999997,,
328,4,2,regular,S,,26,,,33.9,,
329,4,2,regular,M,,27.5,,,35.4,,
330,4,2,regular,L,,30,,,37.799999999999997,,
331,4,2,regular,XL,,32.299999999999997,,,40.15,,
332,4,3,regular,,2,25.2,35.4,,32.299999999999997,,
333,4,3,regular,,4,26,37,,33.85,,
334,4,3,regular,,6,27.5,38.5,,35.4,,
335,4,3,regular,,8,29.1,40.15,,37,,
336,4,3,regular,,10,30.7,41.7,,38.6,,
337,4,3,regular,,12,32.299999999999997,43.3,,40.15,,
338,4,3,regular,,14,33.85,44.9,,41.73,,
339,4,3,regular,XXS,,22.8,33.799999999999997,,31.5,,
340,4,3,regular,XS,,24.4,35.4,,32.299999999999997,,
341,4,3,regular,S,,26,37,,33.9,,
342,4,3,regular,M,,27.5,38.6,,35.4,,
343,4,3,regular,L,,30,41,,37.799999999999997,,
344,4,3,regular,XL,,32.299999999999997,43.3,,40.15,,
345,4,4,regular,,2,25.2,35.4,,32.299999999999997,,
346,4,4,regular,,4,26,37,,33.85,,
347,4,4,regular,,6,27.5,38.5,,35.4,,
348,4,4,regular,,8,29.1,40.15,,37,,
349,4,4,regular,,10,30.7,41.7,,38.6,,
350,4,4,regular,,12,32.299999999999997,43.3,,40.15,,
351,4,4,regular,,14,33.85,44.9,,41.73,,
352,4,4,regular,XXS,,22.8,33.799999999999997,,31.5,,
353,4,4,regular,XS,,24.4,35.4,,32.299999999999997,,
354,4,4,regular,S,,26,37,,33.9,,
355,4,4,regular,M,,27.5,38.6,,35.4,,
356,4,4,regular,L,,30,41,,37.799999999999997,,
357,4,4,regular,XL,,32.299999999999997,43.3,,40.15,,
358,5,1,regular,XS,00,24,34,33,,,
359,5,1,regular,XS,0,25,35,33,,,
360,5,1,regular,XS,2,26,36,33,,,
361,5,1,regular,S,4,27,37,33,,,
362,5,1,regular,S,6,28,38,33,,,
363,5,1,regular,M,8,29,39,33,,,
364,5,1,regular,M,10,30,40,33,,,
365,5,1,regular,L,12,31.5,41.5,33,,,
366,5,1,regular,L,14,33,43,33,,,
367,5,1,regular,XL,16,34.5,44.5,33,,,
368,5,1,petite,XXS,000,22.5,32.5,30,,,
369,5,1,petite,XS,00,23.5,33.5,30,,,
370,5,1,petite,XS,0,24.5,34.5,30,,,
371,5,1,petite,XS,2,25.5,35.5,30,,,
372,5,1,petite,S,4,26.5,36.5,30,,,
373,5,1,petite,S,6,27.5,37.5,30,,,
374,5,1,petite,M,8,28.5,38.5,30,,,
375,5,1,petite,M,10,29.5,39.5,30,,,
376,5,1,petite,L,12,31,41,30,,,
377,5,1,petite,L,14,32.5,42.5,30,,,
378,5,1,tall,XS,2,26,36,36,,,
379,5,1,tall,S,4,27,37,36,,,
380,5,1,tall,S,6,28,38,36,,,
381,5,1,tall,M,8,29,39,36,,,
382,5,1,tall,M,10,30,40,36,,,
383,5,1,tall,L,12,31.5,41.5,36,,,
384,5,1,tall,L,14,33,43,36,,,
385,5,1,tall,XL,16,34.5,44.5,36,,,
386,5,2,regular,XS,00,24,34,,31,31.5,
387,5,2,regular,XS,0,25,35,,32,31.5,
388,5,2,regular,XS,2,26,36,,33,31.5,
389,5,2,regular,S,4,27,37,,34,32,
390,5,2,regular,S,6,28,38,,35,32,
391,5,2,regular,M,8,29,39,,36,33,
392,5,2,regular,M,10,30,40,,37,33,
393,5,2,regular,L,12,31.5,41.5,,38.5,34,
394,5,2,regular,L,14,33,43,,40,34,
395,5,2,regular,XL,16,34.5,44.5,,41.5,34.5,
396,5,2,petite,XXS,000,22.5,32.5,,29.5,30,
397,5,2,petite,XS,00,23.5,33.5,,30.5,30,
398,5,2,petite,XS,0,24.5,34.5,,31.5,30.5,
399,5,2,petite,XS,2,25.5,35.5,,32.5,30.5,
400,5,2,petite,S,4,26.5,36.5,,33.5,31,
401,5,2,petite,S,6,27.5,37.5,,34.5,31,
402,5,2,petite,M,8,28.5,38.5,,35.5,31.5,
403,5,2,petite,M,10,29.5,39.5,,36.5,31.5,
404,5,2,petite,L,12,31,41,,38,32,
405,5,2,petite,L,14,32.5,42.5,,39.5,32,
406,5,2,tall,XS,2,26,36,,33,33.5,
407,5,2,tall,S,4,27,37,,34,34,
408,5,2,tall,S,6,28,38,,35,34,
409,5,2,tall,M,8,29,39,,36,35,
410,5,2,tall,M,10,30,40,,37,35,
411,5,2,tall,L,12,31.5,41.5,,38.5,36,
412,5,2,tall,L,14,33,43,,40,36,
413,5,2,tall,XL,16,34.5,44.5,,41.5,36.5,
414,5,3,regular,XS,00,24,34,,31,,
415,5,3,regular,XS,0,25,35,,32,,
416,5,3,regular,XS,2,26,36,,33,,
417,5,3,regular,S,4,27,37,,34,,
418,5,3,regular,S,6,28,38,,35,,
419,5,3,regular,M,8,29,39,,36,,
420,5,3,regular,M,10,30,40,,37,,
421,5,3,regular,L,12,31.5,41.5,,38.5,,
422,5,3,regular,L,14,33,43,,40,,
423,5,3,regular,XL,16,34.5,44.5,,41.5,,
424,5,3,petite,XXS,000,22.5,32.5,,30,,
425,5,3,petite,XS,00,23.5,33.5,,30.5,,
426,5,3,petite,XS,0,24.5,34.5,,31.5,,
427,5,3,petite,XS,2,25.5,35.5,,32.5,,
428,5,3,petite,S,4,26.5,36.5,,33.5,,
429,5,3,petite,S,6,27.5,37.5,,34.5,,
430,5,3,petite,M,8,28.5,38.5,,35.5,,
431,5,3,petite,M,10,29.5,39.5,,36.5,,
432,5,3,petite,L,12,31,41,,38,,
433,5,3,petite,L,14,32.5,42.5,,39.5,,
434,5,3,tall,XS,2,26,36,,33,,
435,5,3,tall,S,4,27,37,,34,,
436,5,3,tall,S,6,28,38,,35,,
437,5,3,tall,M,8,29,39,,36,,
438,5,3,tall,M,10,30,40,,37,,
439,5,3,tall,L,12,31.5,41.5,,38.5,,
440,5,3,tall,L,14,33,43,,40,,
441,5,3,tall,XL,16,34.5,44.5,,41.5,,
442,5,6,regular,XS,00,24,34,,31,,
443,5,3,regular,XS,0,25,35,,32,,
444,5,3,regular,XS,2,26,36,,33,,
445,5,3,regular,S,4,27,37,,34,,
446,5,3,regular,S,6,28,38,,35,,
447,5,3,regular,M,8,29,39,,36,,
448,5,3,regular,M,10,30,40,,37,,
449,5,3,regular,L,12,31.5,41.5,,38.5,,
450,5,3,regular,L,14,33,43,,40,,
451,5,3,regular,XL,16,34.5,44.5,,41.5,,
452,5,3,petite,XXS,000,22.5,32.5,,30,,
453,5,3,petite,XS,00,23.5,33.5,,30.5,,
454,5,3,petite,XS,0,24.5,34.5,,31.5,,
455,5,3,petite,XS,2,25.5,35.5,,32.5,,
456,5,3,petite,S,4,26.5,36.5,,33.5,,
457,5,3,petite,S,6,27.5,37.5,,34.5,,
458,5,3,petite,M,8,28.5,38.5,,35.5,,
459,5,3,petite,M,10,29.5,39.5,,36.5,,
460,5,3,petite,L,12,31,41,,38,,
461,5,3,petite,L,14,32.5,42.5,,39.5,,
462,5,4,regular,XS,00,24,34,,31,31.5,
463,5,4,regular,XS,0,25,35,,32,31.5,
464,5,4,regular,XS,2,26,36,,33,31.5,
465,5,4,regular,S,4,27,37,,34,32,
466,5,4,regular,S,6,28,38,,35,32,
467,5,4,regular,M,8,29,39,,36,33,
468,5,4,regular,M,10,30,40,,37,33,
469,5,4,regular,L,12,31.5,41.5,,38.5,34,
470,5,4,regular,L,14,33,43,,40,34,
471,5,4,regular,XL,16,34.5,44.5,,41.5,34.5,
472,5,4,petite,XXS,000,22.5,32.5,,29.5,30,
473,5,4,petite,XS,00,23.5,33.5,,30.5,30,
474,5,4,petite,XS,0,24.5,34.5,,31.5,30.5,
475,5,4,petite,XS,2,25.5,35.5,,32.5,30.5,
476,5,4,petite,S,4,26.5,36.5,,33.5,31,
477,5,4,petite,S,6,27.5,37.5,,34.5,31,
478,5,4,petite,M,8,28.5,38.5,,35.5,31.5,
479,5,4,petite,M,10,29.5,39.5,,36.5,31.5,
480,5,4,petite,L,12,31,41,,38,32,
481,5,4,petite,L,14,32.5,42.5,,39.5,32,
482,5,4,tall,XS,2,26,36,,33,33.5,
483,5,4,tall,S,4,27,37,,34,34,
484,5,4,tall,S,6,28,38,,35,34,
485,5,4,tall,M,8,29,39,,36,35,
486,5,4,tall,M,10,30,40,,37,35,
487,5,4,tall,L,12,31.5,41.5,,38.5,36,
488,5,4,tall,L,14,33,43,,40,36,
489,5,4,tall,XL,16,34.5,44.5,,41.5,36.5,
490,5,6,regular,24,00,24,34,33,,,
491,5,6,regular,25,0,25,35,33,,,
492,5,6,regular,26,2,26,36,33,,,
493,5,6,regular,27,4,27,37,33,,,
494,5,6,regular,28,6,28,38,33,,,
495,5,6,regular,29,8,29,39,33,,,
496,5,6,regular,30,10,30,40,33,,,
497,5,6,regular,31,12,31,41.5,33,,,
498,5,6,regular,32,14,32,43,33,,,
499,5,6,regular,33,16,33,44.5,33,,,
500,5,6,petite,24,00,24,34,30,,,
501,5,6,petite,25,0,25,35,30,,,
502,5,6,petite,26,2,26,36,30,,,
503,5,6,petite,27,4,27,37,30,,,
504,5,6,petite,28,6,28,38,30,,,
505,5,6,petite,29,8,29,39,30,,,
506,5,6,petite,30,10,30,40,30,,,
507,5,6,petite,31,12,31,41.5,30,,,
508,5,6,petite,32,14,32,43,30,,,
509,5,6,petite,33,16,33,44.5,30,,,
510,5,6,tall,24,00,24,34,36,,,
511,5,6,tall,25,0,25,35,36,,,
512,5,6,tall,26,2,26,36,36,,,
513,5,6,tall,27,4,27,37,36,,,
514,5,6,tall,28,6,28,38,36,,,
515,5,6,tall,29,8,29,39,36,,,
516,5,6,tall,30,10,30,40,36,,,
517,5,6,tall,31,12,31,41.5,36,,,
518,5,6,tall,32,14,32,43,36,,,
519,5,6,tall,33,16,33,44.5,36,,,
,6,2,regular,XS,0,,,,32.5,31,
,6,2,regular,XS,2,,,,33.5,31.25,
,6,2,regular,S,4,,,,34.5,31.5,
,6,2,regular,M,6,,,,35.5,32,
,6,2,regular,M,8,,,,37,32.25,
,6,2,regular,L,10,,,,37.5,32.75,
,6,2,regular,L,12,,,,39.5,33,
,6,2,regular,X,14,,,,40.5,33.5,
,6,2,regular,X,16,,,,43,33.75,
,6,2,regular,,18,,,,44,34.25,
,6,2,petite,XS,0,,,,32.5,29.5,
,6,2,petite,XS,2,,,,33.5,29.75,
,6,2,petite,S,4,,,,34.5,30,
,6,2,petite,M,6,,,,35.5,30.5,
,6,2,petite,M,8,,,,37,30.75,
,6,2,petite,L,10,,,,37.5,31.25,
,6,2,petite,L,12,,,,39.5,31.5,
,6,2,petite,X,14,,,,40.5,32,
,6,2,petite,X,16,,,,43,32.25,
,6,2,petite,,18,,,,44,32.75,
,6,2,tall,XS,0,,,,32.5,33,
,6,2,tall,XS,2,,,,33.5,33.25,
,6,2,tall,S,4,,,,34.5,33.5,
,6,2,tall,M,6,,,,35.5,34,
,6,2,tall,M,8,,,,37,34.25,
,6,2,tall,L,10,,,,37.5,34.75,
,6,2,tall,L,12,,,,39.5,35,
,6,2,tall,X,14,,,,40.5,35.5,
,6,2,tall,X,16,,,,43,35.75,
,6,2,tall,,18,,,,44,36.25,
,6,4,regular,XS,0,,,,32.5,31,
,6,4,regular,XS,2,,,,33.5,31.25,
,6,4,regular,S,4,,,,34.5,31.5,
,6,4,regular,M,6,,,,35.5,32,
,6,4,regular,M,8,,,,37,32.25,
,6,4,regular,L,10,,,,37.5,32.75,
,6,4,regular,L,12,,,,39.5,33,
,6,4,regular,X,14,,,,40.5,33.5,
,6,4,regular,X,16,,,,43,33.75,
,6,4,regular,,18,,,,44,34.25,
,6,4,petite,XS,0,,,,32.5,29.5,
,6,4,petite,XS,2,,,,33.5,29.75,
,6,4,petite,S,4,,,,34.5,30,
,6,4,petite,M,6,,,,35.5,30.5,
,6,4,petite,M,8,,,,37,30.75,
,6,4,petite,L,10,,,,37.5,31.25,
,6,4,petite,L,12,,,,39.5,31.5,
,6,4,petite,X,14,,,,40.5,32,
,6,4,petite,X,16,,,,43,32.25,
,6,4,petite,,18,,,,44,32.75,
,6,4,tall,XS,0,,,,32.5,33,
,6,4,tall,XS,2,,,,33.5,33.25,
,6,4,tall,S,4,,,,34.5,33.5,
,6,4,tall,M,6,,,,35.5,34,
,6,4,tall,M,8,,,,37,34.25,
,6,4,tall,L,10,,,,37.5,34.75,
,6,4,tall,L,12,,,,39.5,35,
,6,4,tall,X,14,,,,40.5,35.5,
,6,4,tall,X,16,,,,43,35.75,
,6,4,tall,,18,,,,44,36.25,
,6,1,regular,,00,23.5,34.5,32,,,
,6,1,regular,xxs,0,24.5,35.5,32,,,
,6,1,regular,xs,2,25.5,36.5,32,,,
,6,1,regular,s,4,26.5,37.5,32,,,
,6,1,regular,s,6,27.5,38.5,32,,,
,6,1,regular,m,8,28.5,39.5,32,,,
,6,1,regular,m,10,29.5,40.5,32,,,
,6,1,regular,l,12,30.75,41.75,32,,,
,6,1,regular,l,14,32,43,32,,,
,6,1,petite,,00,23.5,34.5,29,,,
,6,1,petite,xxs,0,24.5,35.5,29,,,
,6,1,petite,xs,2,25.5,36.5,29,,,
,6,1,petite,s,4,26.5,37.5,29,,,
,6,1,petite,s,6,27.5,38.5,29,,,
,6,1,petite,m,8,28.5,39.5,29,,,
,6,1,petite,m,10,29.5,40.5,29,,,
,6,1,petite,l,12,30.75,41.75,29,,,
,6,1,petite,l,14,32,43,29,,,
,6,1,tall,,00,23.5,34.5,36,,,
,6,1,tall,xxs,0,24.5,35.5,36,,,
,6,1,tall,xs,2,25.5,36.5,36,,,
,6,1,tall,s,4,26.5,37.5,36,,,
,6,1,tall,s,6,27.5,38.5,36,,,
,6,1,tall,m,8,28.5,39.5,36,,,
,6,1,tall,m,10,29.5,40.5,36,,,
,6,1,tall,l,12,30.75,41.75,36,,,
,6,1,tall,l,14,32,43,36,,,
,6,6,regular,24,00,23.5,34.5,,,,
,6,6,regular,25,0,24.5,35.5,,,,
,6,6,regular,26,2,25.5,36.5,,,,
,6,6,regular,27,4,26.5,37.5,,,,
,6,6,regular,28,6,27.5,38.5,,,,
,6,6,regular,29,8,28.5,39.5,,,,
,6,6,regular,30,10,29.5,40.5,,,,
,6,6,regular,31,12,30.75,41.75,,,,
,6,6,regular,32,14,32,43,,,,
,6,6,regular,33,16,33.75,44.75,,,,
,6,6,petite,24,00,23.5,34.5,,,,
,6,6,petite,25,0,24.5,35.5,,,,
,6,6,petite,26,2,25.5,36.5,,,,
,6,6,petite,27,4,26.5,37.5,,,,
,6,6,petite,28,6,27.5,38.5,,,,
,6,6,petite,29,8,28.5,39.5,,,,
,6,6,petite,30,10,29.5,40.5,,,,
,6,6,petite,31,12,30.75,41.75,,,,
,6,6,petite,32,14,32,43,,,,
,6,6,petite,33,16,33.75,44.75,,,,
,6,6,tall,24,00,23.5,34.5,,,,
,6,6,tall,25,0,24.5,35.5,,,,
,6,6,tall,26,2,25.5,36.5,,,,
,6,6,tall,27,4,26.5,37.5,,,,
,6,6,tall,28,6,27.5,38.5,,,,
,6,6,tall,29,8,28.5,39.5,,,,
,6,6,tall,30,10,29.5,40.5,,,,
,6,6,tall,31,12,30.75,41.75,,,,
,6,6,tall,32,14,32,43,,,,
,6,6,tall,33,16,33.75,44.75,,,,
,6,7,regular,24,00,23,35.5,33,,,
,6,7,regular,25,0,24,36.5,33,,,
,6,7,regular,26,2,25,37.5,33,,,
,6,7,regular,27,4,26,38.5,33,,,
,6,7,regular,28,6,27,39.5,33,,,
,6,7,regular,29,8,28,40.5,33,,,
,6,7,regular,30,10,29,41.5,33,,,
,6,7,regular,31,12,30.25,42.75,33,,,
,6,7,regular,32,14,31.5,43,33,,,
,6,7,regular,33,16,33.5,45.75,33,,,
,6,7,regular,34,18,35.25,47.75,33,,,
,6,7,regular,35,20,37.25,49.75,33,,,
,6,7,petite,24,00,23,35.5,30,,,
,6,7,petite,25,0,24,36.5,30,,,
,6,7,petite,26,2,25,37.5,30,,,
,6,7,petite,27,4,26,38.5,30,,,
,6,7,petite,28,6,27,39.5,30,,,
,6,7,petite,29,8,28,40.5,30,,,
,6,7,petite,30,10,29,41.5,30,,,
,6,7,petite,31,12,30.25,42.75,30,,,
,6,7,petite,32,14,31.5,43,30,,,
,6,7,petite,33,16,33.5,45.75,30,,,
,6,7,petite,34,18,35.25,47.75,30,,,
,6,7,petite,35,20,37.25,49.75,30,,,
,6,7,tall,24,00,23,35.5,37,,,
,6,7,tall,25,0,24,36.5,37,,,
,6,7,tall,26,2,25,37.5,37,,,
,6,7,tall,27,4,26,38.5,37,,,
,6,7,tall,28,6,27,39.5,37,,,
,6,7,tall,29,8,28,40.5,37,,,
,6,7,tall,30,10,29,41.5,37,,,
,6,7,tall,31,12,30.25,42.75,37,,,
,6,7,tall,32,14,31.5,43,37,,,
,6,7,tall,33,16,33.5,45.75,37,,,
,6,7,tall,34,18,35.25,47.75,37,,,
,6,7,tall,35,20,37.25,49.75,37,,,
,6,8,regular,24,00,24.5,35.5,33,,,
,6,8,regular,25,0,25.5,36.5,33,,,
,6,8,regular,26,2,26.5,37.5,33,,,
,6,8,regular,27,4,27.5,38.5,33,,,
,6,8,regular,28,6,28.5,39.5,33,,,
,6,8,regular,29,8,29.5,40.5,33,,,
,6,8,regular,30,10,30.5,41.5,33,,,
,6,8,regular,31,12,31.75,42.75,33,,,
,6,8,regular,32,14,33,44,33,,,
,6,8,regular,33,16,34.75,45.75,33,,,
,6,8,regular,34,18,36.75,47.75,33,,,
,6,8,regular,35,20,38.75,49.75,33,,,
,6,8,petite,24,00,24.5,35.5,30,,,
,6,8,petite,25,0,25.5,36.5,30,,,
,6,8,petite,26,2,26.5,37.5,30,,,
,6,8,petite,27,4,27.5,38.5,30,,,
,6,8,petite,28,6,28.5,39.5,30,,,
,6,8,petite,29,8,29.5,40.5,30,,,
,6,8,petite,30,10,30.5,41.5,30,,,
,6,8,petite,31,12,31.75,42.75,30,,,
,6,8,petite,32,14,33,44,30,,,
,6,8,petite,33,16,34.75,45.75,30,,,
,6,8,petite,34,18,36.75,47.75,30,,,
,6,8,petite,35,20,38.75,49.75,30,,,
,6,8,tall,24,00,24.5,35.5,37,,,
,6,8,tall,25,0,25.5,36.5,37,,,
,6,8,tall,26,2,26.5,37.5,37,,,
,6,8,tall,27,4,27.5,38.5,37,,,
,6,8,tall,28,6,28.5,39.5,37,,,
,6,8,tall,29,8,29.5,40.5,37,,,
,6,8,tall,30,10,30.5,41.5,37,,,
,6,8,tall,31,12,31.75,42.75,37,,,
,6,8,tall,32,14,33,44,37,,,
,6,8,tall,33,16,34.75,45.75,37,,,
,6,8,tall,34,18,36.75,47.75,37,,,
,6,8,tall,35,20,38.75,49.75,37,,,
,7,2,regular,XS,2,23.5,,,30,,
,7,2,regular,XS,4,25.25,,,31.5,,
,7,2,regular,S,6,26.75,,,33,,
,7,2,regular,S,8,28.5,,,34.5,,
,7,2,regular,M,10,30,,,36.26,,
,7,2,regular,M,12,31.5,,,37.75,,
,7,2,regular,L,14,33,,,39.5,,
,7,2,regular,L,16,34.5,,,41,,
,7,2,regular,XL,18,37,,,43.25,,
,7,2,regular,XL,20,39.5,,,45.5,,
,7,2,regular,2XL,22,41.75,,,48,,
,7,2,regular,2XL,24,44,,,50.5,,
,7,2,regular,3XL,26,46.5,,,52.75,,
,7,2,regular,3XL,28,48.75,,,55,,
,7,1,regular,XS,2,23.5,33,31,,,
,7,1,regular,XS,4,25.25,34.5,31,,,
,7,1,regular,S,6,26.75,36.25,31,,,
,7,1,regular,S,8,28.5,37.75,31,,,
,7,1,regular,M,10,30,39.5,31,,,
,7,1,regular,M,12,31.5,41,31,,,
,7,1,regular,L,14,33,42.5,31,,,
,7,1,regular,L,16,34.5,44,31,,,
,7,1,regular,XL,18,37,46,31,,,
,7,1,regular,XL,20,39.5,48,31,,,
,7,1,regular,2XL,22,41.75,50,31,,,
,7,1,regular,2XL,24,44,52,31,,,
,7,1,regular,3XL,26,46.5,54,31,,,
,7,1,regular,3XL,28,48.75,56,31,,,
,7,3,regular,XS,2,23.5,33,31,30,,
,7,3,regular,XS,4,25.25,34.5,31,31.5,,
,7,3,regular,S,6,26.75,36.25,31,33,,
,7,3,regular,S,8,28.5,37.75,31,34.5,,
,7,3,regular,M,10,30,39.5,31,36.26,,
,7,3,regular,M,12,31.5,41,31,37.75,,
,7,3,regular,L,14,33,42.5,31,39.5,,
,7,3,regular,L,16,34.5,44,31,41,,
,7,3,regular,XL,18,37,46,31,43.25,,
,7,3,regular,XL,20,39.5,48,31,45.5,,
,7,3,regular,2XL,22,41.75,50,31,48,,
,7,3,regular,2XL,24,44,52,31,50.5,,
,7,3,regular,3XL,26,46.5,54,31,52.75,,
,7,3,regular,3XL,28,48.75,56,31,55,,
,7,6,regular,XS,2,24,,32,,,
,7,6,regular,XS,4,25,,32,,,
,7,6,regular,S,6,26,,32,,,
,7,6,regular,S,,27,,32,,,
,7,6,regular,S,8,28,,32,,,
,7,6,regular,M,10,29,,32,,,
,7,6,regular,M,,30,,32,,,
,7,6,regular,M,12,31,,32,,,
,7,6,regular,L,14,32,,32,,,
,7,6,regular,L,,33,,32,,,
,7,6,regular,L,16,34,,32,,,
,7,6,short,XS,2,24,,30,,,
,7,6,short,XS,4,25,,30,,,
,7,6,short,S,6,26,,30,,,
,7,6,short,S,,27,,30,,,
,7,6,short,S,8,28,,30,,,
,7,6,short,M,10,29,,30,,,
,7,6,short,M,,30,,30,,,
,7,6,short,M,12,31,,30,,,
,7,6,short,L,14,32,,30,,,
,7,6,short,L,,33,,30,,,
,7,6,short,L,16,34,,30,,,
,7,6,long,XS,2,24,,34,,,
,7,6,long,XS,4,25,,34,,,
,7,6,long,S,6,26,,34,,,
,7,6,long,S,,27,,34,,,
,7,6,long,S,8,28,,34,,,
,7,6,long,M,10,29,,34,,,
,7,6,long,M,,30,,34,,,
,7,6,long,M,12,31,,34,,,
,7,6,long,L,14,32,,34,,,
,7,6,long,L,,33,,34,,,
,7,6,long,L,16,34,,34,,,
,7,4,regular,XS,2,23.5,33,31,30,,
,7,4,regular,XS,4,25.25,34.5,31,31.5,,
,7,4,regular,S,6,26.75,36.25,31,33,,
,7,4,regular,S,8,28.5,37.75,31,34.5,,
,7,4,regular,M,10,30,39.5,31,36.26,,
,7,4,regular,M,12,31.5,41,31,37.75,,
,7,4,regular,L,14,33,42.5,31,39.5,,
,7,4,regular,L,16,34.5,44,31,41,,
,7,4,regular,XL,18,37,46,31,43.25,,
,7,4,regular,XL,20,39.5,48,31,45.5,,
,7,4,regular,2XL,22,41.75,50,31,48,,
,7,4,regular,2XL,24,44,52,31,50.5,,
,7,4,regular,3XL,26,46.5,54,31,52.75,,
,7,4,regular,3XL,28,48.75,56,31,55,,
,8,1,regular,,00,22,34,32,,,
,8,1,regular,,00,23,34,32,,,
,8,1,regular,,0,23,35,32,,,
,8,1,regular,,0,24,35,32,,,
,8,1,regular,,2,24,36,32,,,
,8,1,regular,,2,25,36,32,,,
,8,1,regular,,4,25,37,32,,,
,8,1,regular,,4,26,37,32,,,
,8,1,regular,,6,26,38,32,,,
,8,1,regular,,6,27,38,32,,,
,8,1,regular,,8,27,39,32,,,
,8,1,regular,,8,28,39,32,,,
,8,1,regular,,10,28,40,32,,,
,8,1,regular,,10,29,40,32,,,
,8,1,regular,,12,29,41,32,,,
,8,1,regular,,12,30,41,32,,,
,8,3,regular,,00,22,34,,,,
,8,3,regular,,00,23,34,,,,
,8,3,regular,,0,23,35,,31,,
,8,3,regular,,0,24,35,,32,,
,8,3,regular,,2,24,36,,32,,
,8,3,regular,,2,25,36,,33,,
,8,3,regular,,4,25,37,,33,,
,8,3,regular,,4,26,37,,34,,
,8,3,regular,,6,26,38,,34,,
,8,3,regular,,6,27,38,,35,,
,8,3,regular,,8,27,39,,35,,
,8,3,regular,,8,28,39,,36,,
,8,3,regular,,10,28,40,,36,,
,8,3,regular,,10,29,40,,37,,
,8,3,regular,,12,29,41,,37,,
,8,3,regular,,12,30,41,,38,,
,8,4,regular,,0,23,35,,31,,
,8,4,regular,,0,24,35,,32,,
,8,4,regular,,2,24,36,,32,,
,8,4,regular,,2,25,36,,33,,
,8,4,regular,,4,25,37,,33,,
,8,4,regular,,4,26,37,,34,,
,8,4,regular,,6,26,38,,34,,
,8,4,regular,,6,27,38,,35,,
,8,4,regular,,8,27,39,,35,,
,8,4,regular,,8,28,39,,36,,
,8,4,regular,,10,28,40,,36,,
,8,4,regular,,10,29,40,,37,,
,8,4,regular,,12,29,41,,37,,
,8,4,regular,,12,30,41,,38,,
,8,2,regular,P,,24,,,32,,
,8,2,regular,P,,25.5,,,34,,
,8,2,regular,S,,25.5,,,34,,
,8,2,regular,S,,27.5,,,36,,
,8,2,regular,M,,27.5,,,36,,
,8,2,regular,M,,29.5,,,38,,
,8,2,regular,L,,29.5,,,38,,
,8,2,regular,L,,31,,,40,,
,8,4,regular,P,,24,36.5,,32,,
,8,4,regular,P,,25.5,36.5,,34,,
,8,4,regular,S,,25.5,38,,34,,
,8,4,regular,S,,27.5,38,,36,,
,8,4,regular,M,,27.5,40,,36,,
,8,4,regular,M,,29.5,40,,38,,
,8,4,regular,L,,29.5,42,,38,,
,8,4,regular,L,,31,42,,40,,
,9,3,regular,XS,0,24,32,,30,,
,9,3,regular,XS/S,2,25,33,,31,,
,9,3,regular,S,4,26,34,,32,,
,9,3,regular,S/M,6,27,36,,34,,
,9,3,regular,M,8,29,38,,36,,
,9,3,regular,M/L,10,31,40,,38,,
,9,3,regular,L,12,33,42,,40,,
,9,1,regular,XS,0,24,32,,,,
,9,1,regular,XS/S,2,25,33,,,,
,9,1,regular,S,4,26,34,,,,
,9,1,regular,S/M,6,27,36,,,,
,9,1,regular,M,8,29,38,,,,
,9,1,regular,M/L,10,31,40,,,,
,9,1,regular,L,12,33,42,,,,
,9,2,regular,XS,0,24,,,30,,
,9,2,regular,XS/S,2,25,,,31,,
,9,2,regular,S,4,26,,,32,,
,9,2,regular,S/M,6,27,,,34,,
,9,2,regular,M,8,29,,,36,,
,9,2,regular,M/L,10,31,,,38,,
,9,2,regular,L,12,33,,,40,,
,9,4,regular,XS,0,24,32,,30,,
,9,4,regular,XS/S,2,25,33,,31,,
,9,4,regular,S,4,26,34,,32,,
,9,4,regular,S/M,6,27,36,,34,,
,9,4,regular,M,8,29,38,,36,,
,9,4,regular,M/L,10,31,40,,38,,
,9,4,regular,L,12,33,42,,40,,
,10,1,petite,,2,23.5,33,29,,,
,10,1,petite,,4,24.5,34,29,,,
,10,1,petite,,6,25.5,35,29,,,
,10,1,petite,,8,26.5,36,29,,,
,10,1,petite,,10,28.5,38,29,,,
,10,1,petite,,12,30.5,40,29,,,
,10,1,petite,,14,32.5,42,29,,,
,10,1,petite,,16,34.5,44,29,,,
,10,2,petite,,2,,33,,31,,
,10,2,petite,,4,,34,,32,,
,10,2,petite,,6,,35,,33,,
,10,2,petite,,8,,36,,34,,
,10,2,petite,,10,,38,,36,,
,10,2,petite,,12,,40,,38,,
,10,2,petite,,14,,42,,40,,
,10,2,petite,,16,,44,,42,,
,10,3,petite,,2,23.5,33,29,31,,
,10,3,petite,,4,24.5,34,29,32,,
,10,3,petite,,6,25.5,35,29,33,,
,10,3,petite,,8,26.5,36,29,34,,
,10,3,petite,,10,28.5,38,29,36,,
,10,3,petite,,12,30.5,40,29,38,,
,10,3,petite,,14,32.5,42,29,40,,
,10,3,petite,,16,34.5,44,29,42,,
,10,4,petite,,2,23.5,33,29,31,,
,10,4,petite,,4,24.5,34,29,32,,
,10,4,petite,,6,25.5,35,29,33,,
,10,4,petite,,8,26.5,36,29,34,,
,10,4,petite,,10,28.5,38,29,36,,
,10,4,petite,,12,30.5,40,29,38,,
,10,4,petite,,14,32.5,42,29,40,,
,10,4,petite,,16,34.5,44,29,42,,
,10,1,curve,,18,36,47,,,,
,10,1,curve,,20,39,50,,,,
,10,1,curve,,22,42,53,,,,
,10,1,curve,,24,45,56,,,,
,10,1,curve,,26,48,59,,,,
,10,1,curve,,28,51,62,,,,
,10,2,curve,,18,,47,,44,,
,10,2,curve,,20,,50,,47,,
,10,2,curve,,22,,53,,50,,
,10,2,curve,,24,,56,,53,,
,10,2,curve,,26,,59,,56,,
,10,2,curve,,28,,62,,59,,
,10,3,curve,,18,36,47,,44,,
,10,3,curve,,20,39,50,,47,,
,10,3,curve,,22,42,53,,50,,
,10,3,curve,,24,45,56,,53,,
,10,3,curve,,26,48,59,,56,,
,10,3,curve,,28,51,62,,59,,
,10,4,curve,,18,36,47,,44,,
,10,4,curve,,20,39,50,,47,,
,10,4,curve,,22,42,53,,50,,
,10,4,curve,,24,45,56,,53,,
,10,4,curve,,26,48,59,,56,,
,10,4,curve,,28,51,62,,59,,
,11,1,regular,XS,0,24,,,,,
,11,1,regular,XS,0,25,,,,,
,11,1,regular,XS,2,26,,,,,
,11,1,regular,S,2,27,,,,,
,11,1,regular,S,4,28,,,,,
,11,1,regular,M,4,29,,,,,
,11,1,regular,M,6,30,,,,,
,11,1,regular,L,6,31,,,,,
,11,1,regular,L,8,32,,,,,
,12,1,regular,P,0,24,34.5,31,,,
,12,1,regular,P,2,25,35.5,31,,,
,12,1,regular,S,4,26,36.5,31,,,
,12,1,regular,S,6,27,37.5,31,,,
,12,1,regular,M,8,28,38.5,31,,,
,12,1,regular,M,10,29,39.5,31,,,
,12,1,regular,L,12,30.5,41,31,,,
,12,1,regular,L,14,32,42.5,31,,,
,12,2,regular,P,0,24,,,32,,
,12,2,regular,P,2,25,,,33,,
,12,2,regular,S,4,26,,,34,,
,12,2,regular,S,6,27,,,35,,
,12,2,regular,M,8,28,,,36,,
,12,2,regular,M,10,29,,,37,,
,12,2,regular,L,12,30.5,,,38.5,,
,12,2,regular,L,14,32,,,40,,
,12,3,regular,P,0,24,34.5,31,32,,
,12,3,regular,P,2,25,35.5,31,33,,
,12,3,regular,S,4,26,36.5,31,34,,
,12,3,regular,S,6,27,37.5,31,35,,
,12,3,regular,M,8,28,38.5,31,36,,
,12,3,regular,M,10,29,39.5,31,37,,
,12,3,regular,L,12,30.5,41,31,38.5,,
,12,3,regular,L,14,32,42.5,31,40,,
,12,4,regular,P,0,24,34.5,,32,,
,12,4,regular,P,2,25,35.5,,33,,
,12,4,regular,S,4,26,36.5,,34,,
,12,4,regular,S,6,27,37.5,,35,,
,12,4,regular,M,8,28,38.5,,36,,
,12,4,regular,M,10,29,39.5,,37,,
,12,4,regular,L,12,30.5,41,,38.5,,
,12,4,regular,L,14,32,42.5,,40,,
,14,1,regular,,0,24,34.5,,,,
,14,1,regular,,2,25,35.5,,,,
,14,1,regular,,4,26,36.5,,,,
,14,1,regular,,6,27,37.5,,,,
,14,1,regular,,8,28,38.5,,,,
,14,1,regular,,10,29.5,40,,,,
,14,1,regular,,12,31,41.5,,,,
,14,2,regular,,0,24,,,32,,
,14,2,regular,,2,25,,,33,,
,14,2,regular,,4,26,,,34,,
,14,2,regular,,6,27,,,35,,
,14,2,regular,,8,28,,,36,,
,14,2,regular,,10,29.5,,,37.5,,
,14,2,regular,,12,31,,,39,,
,14,3,regular,,0,24,34.5,,32,,
,14,3,regular,,2,25,35.5,,33,,
,14,3,regular,,4,26,36.5,,34,,
,14,3,regular,,6,27,37.5,,35,,
,14,3,regular,,8,28,38.5,,36,,
,14,3,regular,,10,29.5,40,,37.5,,
,14,3,regular,,12,31,41.5,,39,,
,14,5,regular,,0,24,34.5,,32,,
,14,5,regular,,2,25,35.5,,33,,
,14,5,regular,,4,26,36.5,,34,,
,14,5,regular,,6,27,37.5,,35,,
,14,5,regular,,8,28,38.5,,36,,
,14,5,regular,,10,29.5,40,,37.5,,
,14,5,regular,,12,31,41.5,,39,,
,14,4,regular,,0,24,34.5,,32,,
,14,4,regular,,2,25,35.5,,33,,
,14,4,regular,,4,26,36.5,,34,,
,14,4,regular,,6,27,37.5,,35,,
,14,4,regular,,8,28,38.5,,36,,
,14,4,regular,,10,29.5,40,,37.5,,
,14,4,regular,,12,31,41.5,,39,,
,15,1,regular,XXS,00,23,32.75,30,,,
,15,1,regular,XS,0,25,34.75,30,,,
,15,1,regular,XS,2,26.25,36,30,,,
,15,1,regular,X,4,27.5,37.25,30,,,
,15,1,regular,X,6,28.5,38.25,30,,,
,15,1,regular,M,8,29.5,39.25,30,,,
,15,1,regular,M,10,30.5,40.25,30,,,
,15,1,regular,L,12,32,41.75,30,,,
,15,1,regular,XL,14,33.75,43.75,30,,,
,15,2,regular,XXS,00,23,,,30.75,,
,15,2,regular,XS,0,25,,,32.75,,
,15,2,regular,XS,2,26.25,,,34,,
,15,2,regular,X,4,27.5,,,35.25,,
,15,2,regular,X,6,28.5,,,36.25,,
,15,2,regular,M,8,29.5,,,37.25,,
,15,2,regular,M,10,30.5,,,38.25,,
,15,2,regular,L,12,32,,,39.75,,
,15,2,regular,XL,14,33.75,,,41.75,,
,15,3,regular,XXS,00,23,32.75,,30.75,,
,15,3,regular,XS,0,25,34.75,,32.75,,
,15,3,regular,XS,2,26.25,36,,34,,
,15,3,regular,X,4,27.5,37.25,,35.25,,
,15,3,regular,X,6,28.5,38.25,,36.25,,
,15,3,regular,M,8,29.5,39.25,,37.25,,
,15,3,regular,M,10,30.5,40.25,,38.25,,
,15,3,regular,L,12,32,41.75,,39.75,,
,15,3,regular,XL,14,33.75,43.75,,41.75,,
,15,4,regular,XXS,00,23,32.75,,30.75,,
,15,4,regular,XS,0,25,34.75,,32.75,,
,15,4,regular,XS,2,26.25,36,,34,,
,15,4,regular,X,4,27.5,37.25,,35.25,,
,15,4,regular,X,6,28.5,38.25,,36.25,,
,15,4,regular,M,8,29.5,39.25,,37.25,,
,15,4,regular,M,10,30.5,40.25,,38.25,,
,15,4,regular,L,12,32,41.75,,39.75,,
,15,4,regular,XL,14,33.75,43.75,,41.75,,
,15,5,regular,XS,0,25,34.5,,32.5,,
,15,5,regular,XS,2,26,35.5,,33.5,,
,15,5,regular,S,4,27,36.5,,34.5,,
,15,5,regular,S,6,28,37.5,,35.5,,
,15,5,regular,M,8,29,38.5,,36.5,,
,15,5,regular,M,10,30,39.5,,37.5,,
,15,5,regular,L,12,31.5,40.5,,39,,
,15,5,regular,L,14,33,41.5,,40.5,,
,15,6,regular,XXS,00,22.75,33,32,,,
,15,6,regular,XS,0,24,34.5,32,,,
,15,6,regular,XS,2,25.25,35.5,32,,,
,15,6,regular,S,4,26.5,36.5,32,,,
,15,6,regular,S,6,27.5,37.5,32,,,
,15,6,regular,M,8,28.5,38.5,32,,,
,15,6,regular,M,10,29.5,39.5,32,,,
,15,6,regular,L,12,30.5,40.5,32,,,
,15,6,regular,XL,14,31.5,41.5,32,,,
,21,1,regular,XS,0,23,34,,,,
,21,1,regular,XS,2,24,35,,,,
,21,1,regular,S,4,26,36,,,,
,21,1,regular,S,6,27,38,,,,
,21,1,regular,M,8,29,40,,,,
,21,1,regular,L,10,31,42,,,,
,21,1,regular,XL,12,33,44,,,,
,21,2,regular,XS,0,23,,,31,,
,21,2,regular,XS,2,24,,,32,,
,21,2,regular,S,4,26,,,33,,
,21,2,regular,S,6,27,,,35,,
,21,2,regular,M,8,29,,,37,,
,21,2,regular,L,10,31,,,39,,
,21,2,regular,XL,12,33,,,41,,
,21,3,regular,XS,0,23,34,,31,,
,21,3,regular,XS,2,24,35,,32,,
,21,3,regular,S,4,26,36,,33,,
,21,3,regular,S,6,27,38,,35,,
,21,3,regular,M,8,29,40,,37,,
,21,3,regular,L,10,31,42,,39,,
,21,3,regular,XL,12,33,44,,41,,
,21,4,regular,XS,0,23,34,,31,,
,21,4,regular,XS,2,24,35,,32,,
,21,4,regular,S,4,26,36,,33,,
,21,4,regular,S,6,27,38,,35,,
,21,4,regular,M,8,29,40,,37,,
,21,4,regular,L,10,31,42,,39,,
,21,4,regular,XL,12,33,44,,41,,
,21,5,regular,XS,0,23,34,,31,,
,21,5,regular,XS,2,24,35,,32,,
,21,5,regular,S,4,26,36,,33,,
,21,5,regular,S,6,27,38,,35,,
,21,5,regular,M,8,29,40,,37,,
,21,5,regular,L,10,31,42,,39,,
,21,5,regular,XL,12,33,44,,41,,
,16,1,regular,XS,0,25,35.5,30,,,
,16,1,regular,S,2,26,36.5,30,,,
,16,1,regular,S,4,27,37.5,30,,,
,16,1,regular,M,6,28,38.5,30,,,
,16,1,regular,M,8,29,39.5,30,,,
,16,1,regular,L,10,30,40.5,30,,,
,16,1,regular,L,12,31.5,42,30,,,
,16,2,regular,XS,0,25,,,32.5,,
,16,2,regular,S,2,26,,,33.5,,
,16,2,regular,S,4,27,,,34.5,,
,16,2,regular,M,6,28,,,35.5,,
,16,2,regular,M,8,29,,,36.5,,
,16,2,regular,L,10,30,,,37.5,,
,16,2,regular,L,12,31.5,,,39,,
,16,3,regular,XS,0,25,35.5,,32.5,,
,16,3,regular,S,2,26,36.5,,33.5,,
,16,3,regular,S,4,27,37.5,,34.5,,
,16,3,regular,M,6,28,38.5,,35.5,,
,16,3,regular,M,8,29,39.5,,36.5,,
,16,3,regular,L,10,30,40.5,,37.5,,
,16,3,regular,L,12,31.5,42,,39,,
,16,4,regular,XS,0,25,35.5,,32.5,,
,16,4,regular,S,2,26,36.5,,33.5,,
,16,4,regular,S,4,27,37.5,,34.5,,
,16,4,regular,M,6,28,38.5,,35.5,,
,16,4,regular,M,8,29,39.5,,36.5,,
,16,4,regular,L,10,30,40.5,,37.5,,
,16,4,regular,L,12,31.5,42,,39,,
,17,3,regular,XXS,00,24,34,,31.5,,
,17,3,regular,XS,0,25,35,,32.5,,
,17,3,regular,XS,2,26,36,,33.5,,
,17,3,regular,S,4,27,37,,34.5,,
,17,3,regular,S,6,28,38,,35.5,,
,17,3,regular,M,8,29,39,,36.5,,
,17,3,regular,M,10,30,40,,37.5,,
,17,3,regular,L,12,31.5,41.5,,39,,
,17,3,regular,XL,14,33,43,,40.5,,
,17,3,regular,XXL,16,35,45,,42.5,,
,17,1,regular,XXS,00,24,34,30,,,
,17,1,regular,XS,0,25,35,30,,,
,17,1,regular,XS,2,26,36,30,,,
,17,1,regular,S,4,27,37,30,,,
,17,1,regular,S,6,28,38,30,,,
,17,1,regular,M,8,29,39,30,,,
,17,1,regular,M,10,30,40,30,,,
,17,1,regular,L,12,31.5,41.5,30,,,
,17,1,regular,XL,14,33,43,30,,,
,17,1,regular,XXL,16,35,45,30,,,
,17,6,regular,22,00,22,22,30,,,
,17,6,regular,23,00,23,23,30,,,
,17,6,regular,24,00,24,24,30,,,
,17,6,regular,25,0,25,25,30,,,
,17,6,regular,26,0,26,26,30,,,
,17,6,regular,27,2,27,27,30,,,
,17,6,regular,28,4,28,28,30,,,
,17,6,regular,29,6,29,29,30,,,
,17,6,regular,30,8,30,30,30,,,
,17,6,regular,31,10,31,31,30,,,
,17,6,regular,32,12,32,32,30,,,
,17,6,regular,33,14,33,33,30,,,
,17,2,regular,XXS,00,24,34,,31.5,,
,17,2,regular,XS,0,25,35,,32.5,,
,17,2,regular,XS,2,26,36,,33.5,,
,17,2,regular,S,4,27,37,,34.5,,
,17,2,regular,S,6,28,38,,35.5,,
,17,2,regular,M,8,29,39,,36.5,,
,17,2,regular,M,10,30,40,,37.5,,
,17,2,regular,L,12,31.5,41.5,,39,,
,17,2,regular,XL,14,33,43,,40.5,,
,17,2,regular,XXL,16,35,45,,42.5,,
,17,4,regular,XXS,00,24,34,,31.5,,
,17,4,regular,XS,0,25,35,,32.5,,
,17,4,regular,XS,2,26,36,,33.5,,
,17,4,regular,S,4,27,37,,34.5,,
,17,4,regular,S,6,28,38,,35.5,,
,17,4,regular,M,8,29,39,,36.5,,
,17,4,regular,M,10,30,40,,37.5,,,
,17,4,regular,L,12,31.5,41.5,,39,,,
,17,4,regular,XL,14,33,43,,40.5,,,
,17,4,regular,XXL,16,35,45,,42.5,,,
,17,5,regular,XS,2,24,34.5,,32.5,,57.5,
,17,5,regular,XS,2,24,34.5,,32.5,,58,
,17,5,regular,S,4,25,35.5,,33.5,,58.5,
,17,5,regular,S,4,25,35.5,,33.5,,59,
,17,5,regular,S,6,26,36.5,,34.5,,59.5,
,17,5,regular,S,6,26,36.5,,34.5,,61,
,17,5,regular,M,8,27,37.5,,35.5,,61.5,
,17,5,regular,M,8,27,37.5,,35.5,,62,
,17,5,regular,M,10,28,38.5,,36.5,,62.5,
,17,5,regular,M,10,28,38.5,,36.5,,63,
,17,5,regular,L,12,29.5,40,,38,,64,
,17,5,regular,L,12,29.5,40,,38,,65.5,
,17,5,regular,L,14,31,41.5,,39.5,,65.5,
,17,5,regular,L,14,31,41.5,,39.5,,67,
,17,5,regular,XL,16,32.5,43,,41,,67,
,17,5,regular,XL,16,32.5,43,,41,,68.5,
,18,1,regular,XS,0,23.5,35.5,30,,,,
,18,1,regular,XS,2,25,37,30,,,,
,18,1,regular,S,4,26,38,30,,,,
,18,1,regular,S,6,27,39,30,,,,
,18,1,regular,M,8,28,40,30,,,,
,18,1,regular,M,10,29,41,30,,,,
,18,1,regular,L,12,30.5,42.5,30,,,,
,18,2,regular,XS,0,23.5,,,32,,,
,18,2,regular,XS,2,25,,,33.5,,,
,18,2,regular,S,4,26,,,34.5,,,
,18,2,regular,S,6,27,,,35.5,,,
,18,2,regular,M,8,28,,,36.5,,,
,18,2,regular,M,10,29,,,37.5,,
,18,2,regular,L,12,30.5,,,39,,
,18,3,regular,XS,0,23.5,35.5,,32,,
,18,3,regular,XS,2,25,37,,33.5,,
,18,3,regular,S,4,26,38,,34.5,,
,18,3,regular,S,6,27,39,,35.5,,
,18,3,regular,M,8,28,40,,36.5,,
,18,3,regular,M,10,29,41,,37.5,,
,18,3,regular,L,12,30.5,42.5,,39,,
,18,4,regular,XS,0,23.5,35.5,,32,,
,18,4,regular,XS,2,25,37,,33.5,,
,18,4,regular,S,4,26,38,,34.5,,
,18,4,regular,S,6,27,39,,35.5,,
,18,4,regular,M,8,28,40,,36.5,,
,18,4,regular,M,10,29,41,,37.5,,
,18,4,regular,L,12,30.5,42.5,,39,,
,18,5,regular,XS,,24,35,,32,,
,18,5,regular,XS,,25,36,,33,,
,18,5,regular,S,,25.5,36.5,,33.5,,
,18,5,regular,S,,26.5,37.5,,34.5,,
,18,5,regular,M,,27,38,,35,,
,18,5,regular,M,,28,39,,36,,
,18,5,regular,L,,29,40,,37,,
,18,5,regular,L,,30,41,,38,,
,19,1,regular,XXS,00,23,34.5,31,,,
,19,1,regular,XXS,00,24,34.5,31,,,
,19,1,regular,XS,0,24,35.5,31,,,
,19,1,regular,XS,0,25,35.5,31,,,
,19,1,regular,XS,2,25,36.5,31,,,
,19,1,regular,XS,2,26,36.5,31,,,
,19,1,regular,S,4,26,37.5,31,,,
,19,1,regular,S,4,27,37.5,31,,,
,19,1,regular,S,6,27,38.5,31,,,
,19,1,regular,S,6,28,38.5,31,,,
,19,1,regular,M,8,28,39.5,31,,,
,19,1,regular,M,8,29,39.5,31,,,
,19,1,regular,L,10,29,40.5,31,,,
,19,1,regular,L,10,30,40.5,31,,,
,19,1,regular,L,12,30,40.5,31,,,
,19,1,regular,L,12,31.5,42,31,,,
,19,1,regular,XL,14,31.5,42,31,,,
,19,1,regular,XL,14,33,43.5,31,,,
,19,2,regular,XXS,00,23,34.5,,31.5,,
,19,2,regular,XXS,00,24,34.5,,31.5,,
,19,2,regular,XS,0,24,35.5,,32.5,,
,19,2,regular,XS,0,25,35.5,,32.5,,
,19,2,regular,XS,2,25,36.5,,33.5,,
,19,2,regular,XS,2,26,36.5,,33.5,,
,19,2,regular,S,4,26,37.5,,34.5,,
,19,2,regular,S,4,27,37.5,,34.5,,
,19,2,regular,S,6,27,38.5,,35.5,,
,19,2,regular,S,6,28,38.5,,35.5,,
,19,2,regular,M,8,28,39.5,,36.5,,
,19,2,regular,M,8,29,39.5,,36.5,,
,19,2,regular,L,10,29,40.5,,37.5,,
,19,2,regular,L,10,30,40.5,,37.5,,
,19,2,regular,L,12,30,40.5,,37.5,,
,19,2,regular,L,12,31.5,42,,39,,
,19,2,regular,XL,14,31.5,42,,39,,
,19,2,regular,XL,14,33,43.5,,40.5,,
,19,3,regular,XXS,00,23,34.5,,31.5,,
,19,3,regular,XXS,00,24,34.5,,31.5,,
,19,3,regular,XS,0,24,35.5,,32.5,,
,19,3,regular,XS,0,25,35.5,,32.5,,
,19,3,regular,XS,2,25,36.5,,33.5,,
,19,3,regular,XS,2,26,36.5,,33.5,,
,19,3,regular,S,4,26,37.5,,34.5,,
,19,3,regular,S,4,27,37.5,,34.5,,
,19,3,regular,S,6,27,38.5,,35.5,,
,19,3,regular,S,6,28,38.5,,35.5,,
,19,3,regular,M,8,28,39.5,,36.5,,
,19,3,regular,M,8,29,39.5,,36.5,,
,19,3,regular,L,10,29,40.5,,37.5,,
,19,3,regular,L,10,30,40.5,,37.5,,
,19,3,regular,L,12,30,40.5,,37.5,,
,19,3,regular,L,12,31.5,42,,39,,
,19,3,regular,XL,14,31.5,42,,39,,
,19,3,regular,XL,14,33,43.5,,40.5,,
,19,4,regular,XXS,00,23,34.5,,31.5,,
,19,4,regular,XXS,00,24,34.5,,31.5,,
,19,4,regular,XS,0,24,35.5,,32.5,,
,19,4,regular,XS,0,25,35.5,,32.5,,
,19,4,regular,XS,2,25,36.5,,33.5,,
,19,4,regular,XS,2,26,36.5,,33.5,,
,19,4,regular,S,4,26,37.5,,34.5,,
,19,4,regular,S,4,27,37.5,,34.5,,
,19,4,regular,S,6,27,38.5,,35.5,,
,19,4,regular,S,6,28,38.5,,35.5,,
,19,4,regular,M,8,28,39.5,,36.5,,
,19,4,regular,M,8,29,39.5,,36.5,,
,19,4,regular,L,10,29,40.5,,37.5,,
,19,4,regular,L,10,30,40.5,,37.5,,
,19,4,regular,L,12,30,40.5,,37.5,,
,19,4,regular,L,12,31.5,42,,39,,
,19,4,regular,XL,14,31.5,42,,39,,
,19,4,regular,XL,14,33,43.5,,40.5,,
,19,6,regular,,24,24,,30.5,,,
,19,6,regular,,24,24.5,,30.5,,,
,19,6,regular,,25,25,,30.5,,,
,19,6,regular,,25,25.5,,30.5,,,
,19,6,regular,,26,26,,30.5,,,
,19,6,regular,,26,26.5,,30.5,,,
,19,6,regular,,27,27,,30.5,,,
,19,6,regular,,27,27.5,,30.5,,,
,19,6,regular,,28,28,,30.5,,,
,19,6,regular,,28,28.5,,30.5,,,
,19,6,regular,,29,29,,30.5,,,
,19,6,regular,,29,29.5,,30.5,,,
,19,6,regular,,30,30,,30.5,,,
,19,6,regular,,30,30.5,,30.5,,,
,19,6,regular,,31,31,,30.5,,,
,19,6,regular,,31,31.5,,30.5,,,
,19,6,regular,,32,32,,30.5,,,
,19,6,regular,,32,33,,30.5,,,
,22,1,regular,P,0,24.5,35,,,,
,22,1,regular,S,2,25.25,35.75,,,,
,22,1,regular,S,4,26,36.5,,,,
,22,1,regular,M,6,27.5,38,,,,
,22,1,regular,L,8,29,39.5,,,,
,22,1,regular,XL,10,30.5,41,,,,
,22,1,regular,XL,12,32,42.5,,,,
,22,2,regular,P,0,24.5,,,32.5,,
,22,2,regular,S,2,25.25,,,33.25,,
,22,2,regular,S,4,26,,,34,,
,22,2,regular,M,6,27.5,,,35.5,,
,22,2,regular,L,8,29,,,37,,
,22,2,regular,XL,10,30.5,,,38.5,,
,22,2,regular,XL,12,32,,,40,,
,22,3,regular,P,0,24.5,35,,32.5,,
,22,3,regular,S,2,25.25,35.75,,33.25,,
,22,3,regular,S,4,26,36.5,,34,,
,22,3,regular,M,6,27.5,38,,35.5,,
,22,3,regular,L,8,29,39.5,,37,,
,22,3,regular,XL,10,30.5,41,,38.5,,
,22,3,regular,XL,12,32,42.5,,40,,
,22,4,regular,P,0,24.5,35,,32.5,,
,22,4,regular,S,2,25.25,35.75,,33.25,,
,22,4,regular,S,4,26,36.5,,34,,
,22,4,regular,M,6,27.5,38,,35.5,,
,22,4,regular,L,8,29,39.5,,37,,
,22,4,regular,XL,10,30.5,41,,38.5,,
,22,4,regular,XL,12,32,42.5,,40,,
,49,1,regular,P,0,24.5,35.5,,,,
,49,1,regular,S,2,25.5,36.5,,,,
,49,1,regular,S,4,26.5,37.5,,,,
,49,1,regular,M,6,27.5,38.5,,,,
,49,1,regular,L,8,28.5,39.5,,,,
,49,1,regular,XL,10,29.5,40.5,,,,
,49,1,regular,XL,12,31,42,,,,
,49,2,regular,P,0,24.5,,,32.5,,
,49,2,regular,S,2,25.5,,,33.5,,
,49,2,regular,S,4,26.5,,,34.5,,
,49,2,regular,M,6,27.5,,,35.5,,
,49,2,regular,L,8,28.5,,,36.5,,
,49,2,regular,XL,10,29.5,,,37.5,,
,49,2,regular,XL,12,31,,,39,,
,49,3,regular,P,0,24.5,35.5,,32.5,,
,49,3,regular,S,2,25.5,36.5,,33.5,,
,49,3,regular,S,4,26.5,37.5,,34.5,,
,49,3,regular,M,6,27.5,38.5,,35.5,,
,49,3,regular,L,8,28.5,39.5,,36.5,,
,49,3,regular,XL,10,29.5,40.5,,37.5,,
,49,3,regular,XL,12,31,42,,39,,
,49,4,regular,P,0,24.5,35.5,,32.5,,
,49,4,regular,S,2,25.5,36.5,,33.5,,
,49,4,regular,S,4,26.5,37.5,,34.5,,
,49,4,regular,M,6,27.5,38.5,,35.5,,
,49,4,regular,L,8,28.5,39.5,,36.5,,
,49,4,regular,XL,10,29.5,40.5,,37.5,,
,49,4,regular,XL,12,31,42,,39,,
,25,1,regular,XXS,00,22,33,,,,
,25,1,regular,XS,0,23,34,,,,
,25,1,regular,XS,2,24,35,,,,
,25,1,regular,S,4,25,36,,,,
,25,1,regular,S,6,26,37,,,,
,25,1,regular,M,8,27,38,,,,
,25,1,regular,M,10,28,39,,,,
,25,1,regular,L,12,29.5,40.5,,,,
,25,1,regular,L,14,31,42,,,,
,25,1,regular,XL,16,32.5,43.5,,,,
,25,2,regular,XXS,00,22,,,30.5,,
,25,2,regular,XS,0,23,,,31.5,,
,25,2,regular,XS,2,24,,,32.5,,
,25,2,regular,S,4,25,,,33.5,,
,25,2,regular,S,6,26,,,34.5,,
,25,2,regular,M,8,27,,,35.5,,
,25,2,regular,M,10,28,,,36.5,,
,25,2,regular,L,12,29.5,,,38,,
,25,2,regular,L,14,31,,,39.5,,
,25,2,regular,XL,16,32.5,,,41,,
,25,3,regular,XXS,00,22,33,,30.5,,
,25,3,regular,XS,0,23,34,,31.5,,
,25,3,regular,XS,2,24,35,,32.5,,
,25,3,regular,S,4,25,36,,33.5,,
,25,3,regular,S,6,26,37,,34.5,,
,25,3,regular,M,8,27,38,,35.5,,
,25,3,regular,M,10,28,39,,36.5,,
,25,3,regular,L,12,29.5,40.5,,38,,
,25,3,regular,L,14,31,42,,39.5,,
,25,3,regular,XL,16,32.5,43.5,,41,,
,25,4,regular,XXS,00,22,33,,30.5,,
,25,4,regular,XS,0,23,34,,31.5,,
,25,4,regular,XS,2,24,35,,32.5,,
,25,4,regular,S,4,25,36,,33.5,,
,25,4,regular,S,6,26,37,,34.5,,
,25,4,regular,M,8,27,38,,35.5,,
,25,4,regular,M,10,28,39,,36.5,,
,25,4,regular,L,12,29.5,40.5,,38,,
,25,4,regular,L,14,31,42,,39.5,,
,25,4,regular,XL,16,32.5,43.5,,41,,
,25,5,regular,XXS,00,22,33,,30.5,,
,25,5,regular,XS,0,23,34,,31.5,,
,25,5,regular,XS,2,24,35,,32.5,,
,25,5,regular,S,4,25,36,,33.5,,
,25,5,regular,S,6,26,37,,34.5,,
,25,5,regular,M,8,27,38,,35.5,,
,25,5,regular,M,10,28,39,,36.5,,
,25,5,regular,L,12,29.5,40.5,,38,,
,25,5,regular,L,14,31,42,,39.5,,
,25,5,regular,XL,16,32.5,43.5,,41,,
,28,6,regular,S,26,26,,,,,
,28,6,regular,S,27,27,,,,,
,28,6,regular,M,28,28,,,,,
,28,6,regular,M,29,29,,,,,
,28,6,regular,L,30,30,,,,,
,28,6,regular,L,31,31,,,,,
,28,6,regular,XL,32,32,,,,,
,28,6,regular,XL,33,33,,,,,
,29,1,regular,XXS,0,24,34,,,,
,29,1,regular,XS,2,25,35,,,,
,29,1,regular,S,4,26,36,,,,
,29,1,regular,S,4,27,37,,,,
,29,1,regular,M,6,28,38,,,,
,29,1,regular,M,8,29,39,,,,
,29,1,regular,L,10,30,40,,,,
,29,1,regular,L,12,31.5,41.5,,,,
,29,1,regular,XL,14,33,43,,,,
,29,1,regular,XXL,16,34.5,44.5,,,,
,29,2,regular,XXS,0,24,,,32,,
,29,2,regular,XS,2,25,,,33,,
,29,2,regular,S,4,26,,,34,,
,29,2,regular,S,4,27,,,35,,
,29,2,regular,M,6,28,,,36,,
,29,2,regular,M,8,29,,,37,,
,29,2,regular,L,10,30,,,38,,
,29,2,regular,L,12,31.5,,,38.5,,
,29,2,regular,XL,14,33,,,40,,
,29,2,regular,XXL,16,34.5,,,41.5,,
,29,4,regular,XXS,0,24,34,,32,,
,29,4,regular,XS,2,25,35,,33,,
,29,4,regular,S,4,26,36,,34,,
,29,4,regular,S,4,27,37,,35,,
,29,4,regular,M,6,28,38,,36,,
,29,4,regular,M,8,29,39,,37,,
,29,4,regular,L,10,30,40,,38,,
,29,4,regular,L,12,31.5,41.5,,38.5,,
,29,4,regular,XL,14,33,43,,40,,
,29,4,regular,XXL,16,34.5,44.5,,41.5,,
,29,6,regular,XXS,24,24,34,30,,,
,29,6,regular,XS,25,25,35,30,,,
,29,6,regular,S,26,26,36,30,,,
,29,6,regular,S,27,27,37,30,,,
,29,6,regular,M,28,28,38,30,,,
,29,6,regular,M,29,29,39,30,,,
,29,6,regular,L,30,30,40,30,,,
,29,6,regular,L,31,31.5,41.5,30,,,
,29,6,regular,XL,32,33,43,30,,,
,29,6,regular,XXL,33/34,34.5,44.5,30,,,
,30,1,regular,XXS,32,23.5,33,31.5,,,
,30,1,regular,XS,34,25,34.5,31.5,,,
,30,1,regular,S,36,26.5,36,32,,,
,30,1,regular,M,38,28,37.5,32.5,,,
,30,1,regular,L,40,30,39.5,33,,,
,30,1,regular,XL,42,31.5,42.5,33.5,,,
,30,2,regular,XXS,32,23.5,,,30,,
,30,2,regular,XS,34,25,,,32.5,,
,30,2,regular,S,36,26.5,,,33,,
,30,2,regular,M,38,28,,,34.5,,
,30,2,regular,L,40,30,,,36,,
,30,2,regular,XL,42,31.5,,,37.5,,
,30,3,regular,XXS,32,23.5,33,31.5,30,,
,30,3,regular,XS,34,25,34.5,31.5,32.5,,
,30,3,regular,S,36,26.5,36,32,33,,
,30,3,regular,M,38,28,37.5,32.5,34.5,,
,30,3,regular,L,40,30,39.5,33,36,,
,30,3,regular,XL,42,31.5,42.5,33.5,37.5,,
,30,4,regular,XXS,32,23.5,33,31.5,30,,
,30,4,regular,XS,34,25,34.5,31.5,32.5,,
,30,4,regular,S,36,26.5,36,32,33,,
,30,4,regular,M,38,28,37.5,32.5,34.5,,
,30,4,regular,L,40,30,39.5,33,36,,
,30,4,regular,XL,42,31.5,42.5,33.5,37.5,,
,30,5,regular,XXS,32,23.5,33,,30,,
,30,5,regular,XS,34,25,34.5,,32.5,,
,30,5,regular,S,36,26.5,36,,33,,
,30,5,regular,M,38,28,37.5,,34.5,,
,30,5,regular,L,40,30,39.5,,36,,
,30,5,regular,XL,42,31.5,42.5,,37.5,,
,30,6,regular,XXS,32,23.5,33,31.5,,,
,30,6,regular,XS,34,25,34.5,31.5,,,
,30,6,regular,S,36,26.5,36,32,,,
,30,6,regular,M,38,28,37.5,32.5,,,
,30,6,regular,L,40,30,39.5,33,,,
,30,6,regular,XL,42,31.5,42.5,33.5,,,
